QTY,REFERENCE,DESCRIPTION,MANU,PART NUMBER,REV PROD_C3
1,,"Cable,USB A Male to MINI USB B Male,80CM,,2725 28AWG/1P+24AWG/2C",GLJ,GLJ-C4-1304,Assembly marked as RevC3
,,"Cable,USB A Male to MINI USB B Male,100CM",LingLongDa,321010005,
1,,ESD Bag,3M,10035,3/24/13
1,,BOX BB-Black Industrial box_RevC1_135x99x39mm,Opung,BOX BB-Black Industrial box_RevC1_135x99x39mm,
2,,"PU Foam,12KG/m3; 125x95x8mm,black",Oupang,"PU Foam,12KG/m3; 125x95x8mm,black",
1,,BB-Black Industrial Quick Start_revc_185x125mm_128gsm bond paper,Opung,BB-Black Industrial Quick Start_revc_185x125mm_128gsm bond paper,
1,PCB1,"PCB;BeagleBone Black Industrial PCB RevC1-Red Soldermask,white Silkscreen-6 layers,Immersion gold-86.36*54.61*1.6mm",Various,BeagleBone Black Industrial RevC PCB,
24,"C1,C2,C4,C7,C8,C9,C10,C11,C12,C13,C14,C15,C39,C40,C55,C62,C77,C95,C96,C118,C122,C126,C133,C153",CAP CER 10UF 10V Y5V 0805,Samsung,CL21A106KOQNNNE,
6,"C89,C90,C91,C104,C106,C134",CAP CER 1UF 6.3V 10% X5R 0402,YAGEO,CC0402KRX5R6BB105,
8,"C16,C17,C18,C125,C144,C146,C148,C151",CAP CER 2.2UF 6.3V 10% X5R 0402,YAGEO,CC0402KRX5R6BB225,
2,"C19,C136",CAP CER 470PF 50V 10% X7R 0402,Yageo,CC0402KRX7R9BB471,
100,"C3,C20,C23,C27,C28,C29,C30,C31,C33,C35,C36,C37,C38,C41,C42,C43,C44,C45,C46,C47,C48,C49,C50,C51,C52,C53,C54,C56,C57,C58,C59,C60,C61,C63,C64,C65,C66,C67,C68,C69,C70,C71,C72,C73,C74,C75,C76,C78,C79,C80,C81,C82,C83,C84,C85,C86,C87,C88,C92,C93,C94,C97,C98,C99,C100,C101,C102,C103,C105,C107,C108,C109,C110,C111,C112,C113,C114,C115,C116,C117,C119,C120,C121,C124,C127,C128,C129,C130,C131,C132,C135,C145,C147,C149,C150,C152,C154,C155,C158,C159",CAP CER 0.1UF 6.3V 10% X5R 0402,YAGEO,CC0402KRX7R7BB104,
4,"C21,C22,C25,C26",CAP CER 18PF 50V C0G 5% 0402,YAGEO,CC0402JRNPO9BN180,
2,"C32,C123",CAP_CER_0.001UF_16V_X7R_0402,Yageo,CC0402KRX7R9BB102,
1,C34,Aluminum Electrolytic Capacitors - SMD 100uF 6.3V 85C,ST,CS1A101M-CRE54,
1,C141,CAP CER 0.022UF 10V 10% X7R 0402,YAGEO,CC0402KRX7R9BB223,
2,"C142,C143",CAP CER 30PF 50V 5% NP0 0402,YAGEO,CC0402JRNPO9BN330,
16,"C156,C157,C160,C161,C162,C163,C164,C165,C166,C167,C168,C169,C170,C171,C172,C173",CAP CER 47PF 50V 5% NPO 0402,Yageo,CC0402JRNPO9BN470,
4,"C137,C138,C139,C140",CAP CER 10PF 50V 5% NPO 0402,YAGEO,CC0402JRNPO9BN100,
1,C174,CAP CER 4.7UF 10V 10% X5R 0402,YAGEO,CC0402KRX5R6BB475,
5,"D1,D2,D3,D4,D5",LED BLUE CLEAR THIN 0603 SMD,Everlight,19-217/BHC-ZL1M2RY/3T,
2,"D6,D7",DIODE ESD PROT HDMI TSSOP-10,TI,TPD4S009DGSR,
1,D8,DIODE SCHOTTKY 40V 120MA SOD-323,NXP,"RB751V40,115",
6,"FB1,FB2,FB3,FB4,FB5,FB7",Ferrite Bead 150 Ohm 800mA,Laird-Signal Integrity,LI0805H151R-10,
3,"S1,S2,S3",SWITCH TACTILE SPST-NO 0.05A 32V,C&K,KMR231GLFS,
2,"Q1,Q2",TRANS NPN/NPN W/RES 50V SMINI6,"Diodes, Inc",DDC114YU-7-F,
1,RT1,POLYSWITCH RXE SERIES 0.10A HOLD,TE Connectivity,RXEF010,
3,"L1,L2,L3",INDUCTOR 2.2UH 20% 1300MA 1008,Murata,LQM2HPN2R2MG0L,
1,J1,"CONN HEADER 6POS, VERTICAL,  .100 STR TIN",YUXI å®ç,P125-1106A1BS116A1,
2,"P8,P9","NN HEADER FMAL 46PS.1"" DL GOLD",SINOTOP ææå±,FF-1236,
1,P1,CONN POWER JACK 2.1MM,MTCONN,DC630-20D01,
1,P4,CONN RCPT USB MINI B R/A SMD,Hirose,UX60SC-MB-5ST(80),
1,P5,RJ-45 10/100 W/Magnetics,Link PP,LPJ4011BBNL,
1,P3,CONN RCPT USB TYPE A R/A PCB,Foxconn,UB11123-4H9-4F,
1,P10,Connector SD/MMC,YU LIANG,YL004-030-001,
,,,Molex,502774-0891,
1,P6,HDMI / Displayport / DVI Connectors MICRO HDMI RCPT SMT DIP+ SMT LEG TYPE D,FCI,10118241-001RLF,
6,"R23,R24,R25,R26,R163,R164",RES 4.75K OHM 1/16W 1% 0402 SMD,YAGEO,RC0402FR-074K7L,
4,"R71,R72,R73,R74",RES 2.2K-5%-1/16W 0402 SMD,YAGEO,RC0402JR-072K2L,
1,R144,RES 12.1K OHM 1/16W 1% 0402 SMD,Yageo,RC0402FR-0712K1L,
1,R136,RES .10 OHM 1/8W 5% 0805,YAGEO,RL0805JR-070R1L,
9,"R3,R4,R97,R112,R113,R114,R119,R146,R147",RES 1.50K OHM 1/16W 1% 0402 SMD,Yageo,RC0402FR-071K5L,
3,"R12,R130,R132",RES 470 OHM 1/10W 5% 0402 SMD,YAGEO,RC0402JR-07470RL,
22,"R1,R56,R65,R66,R67,R68,R76,R77,R78,R79,R80,R82,R83,R84,R85,R86,R87,R88,R89,R94,R95,R165",Resistor 100Kohm 1/16W 1% 0402,Yageo,RC0402FR-07100KL,
11,"R75,R125,R126,R127,R128,R129,R131,R133,R134,R138,R139",RES 100 OHM 1/16W 5% 0402 SMD,Yageo,RC0402FR-07100RL,
1,R143,RES 10.0 OHM 1/16W 1% 0402 SMD,Yageo,RC0402FR-0710RL,
23,"R5,R6,R7,R8,R19,R20,R27,R29,R30,R37,R46,R47,R48,R49,R50,R51,R137,R142,R149,R159,R160,R161,R162",Resistor Zero ohm Jumper 0402,Yageo,RC0402JR-070RL,
1,R45,Resistor 22ohm 1/16W 1% 0402,Yageo,RC0402FR-0722RL,
36,"R14,R33,R34,R52,R53,R54,R96,R98,R100,R101,R102,R103,R104,R105,R106,R107,R108,R109,R110,R111,R115,R116,R117,R118,R135,R145,R148,R150,R151,R152,R153,R154,R155,R156,R157,R158",Resistor 10Kohm 1/16W 5% 0402,YAGEO,RC0402FR-0710KL,
1,R17,Resistor 1Mohm 1/16W 1% 0402,Yageo,RC0402FR-071ML,
5,"R22,R120,R121,R122,R123",RES 49.9 OHM 1/16W 1% 0402 SMD,Yageo,RC0402FR-0749R9L,
1,R11,RES TF 1/16W 280K OHM 1% 0402,YAGEO,RC0402FR-07280KL,
1,R99,RES 240 OHM 1/16W 1% 0402 SMD,Yageo,RC0402FR-07240RL,
1,R10,RES 470K OHM 1/16W 1% 0402 SMD,Yageo,RC0402FR-07470KL,
1,R166,RES 27K OHM 1/16W 1% 0402 SMD,Yageo,RC0402FR-0727KL,
25,"R2,R13,R15,R16,R18,R21,R28,R31,R32,R35,R36,R38,R39,R40,R41,R42,R43,R44,R167,R168,R169,R170,R171,R172,R173",RES 33 OHM 1/16W 5% 0402 SMD,Yageo,RC0402JR-0733RL,
1,U1,IC OPEN DRAIN AND GATE,TI,SN74AHC1G09DCKR,
1,U2,Integrated Power Management Unit,TI,TPS65217CRSLR,
1,U5,"AM3358B, SubArctic Cortex A8 Processor 15x15,1GHz, 2.1",TI,AM3358BZCZA100, 
2,"U9,U10",IC 4CH ESD SOLUTION W/CLAMP 6SON,TI,TPD4S012DRYR,
1,U4,IC LDO VOLT REG 500MA 8-SOIC,TI,TL5209DR,
1,U8,IC 1.5A PWR DIST SWITCH 8-SOIC,TI,TPS2051BDGNR,
1,U6,IC SGL POS EDG TRIG D F-F SM8,TI,SN74LVC1G74DCTR,
1,U15,IC BUFF/DVR TRI-ST DL 8VSSOP,TI,SN74LVC2G241DCUR,
1,U3,IC INVERTER SINGLE 1INPUT SC705,TI,SN74LVC1G06DCKR,
1,U12,"DDR3 Memory 4Gb,256Mx16",Kingston,D2516ECMDXGJDI-U,
1,U13,"IC MEMORY, 4GB eMMC",Kingston,EMMC04G-W627,
1,U7,IC EEPROM 32KBIT 400KHZ SOT23-5,MicroChip,24LC32AT-I/OT,
1,U14,ETHERNET PHY,Microchip,LAN8710Ai-EZK,
1,U11,IC HDMI INTERFACE HVQFN64,NXP,"TDA19988BHN/C1,557",
1,U16,IC BUFF/DVR NON-INVERT SC705,TI,SN74LVC1G07DCKR,
1,Y1,CRYSTAL 32.768KHZ 12.5PF SMD,Abracon,ABS25-32.768KHZ-T,
1,Y3,CRYSTAL 25.000 MHZ 18PF SMD,INTERQUIP,5XBB25000202TF40Q3,
1,Y2,CRYSTAL 24.000 MHZ 18PF SMD,INTERQUIP,5XBB24000202TF50Q3,
1,Y4,"Oscillator, 24.576MHZ, 3.3V",INTERQUIP,1651-24575-BTBQYA,
,DO NOT INSTALL COMPONENTS BELOW.,,,,
,"P2,C24,FB8,R55,R57,R58,R59,R60,R61,R62,R63,R64,R69,R70,R81,R90,R91,R92,R93,R124,R140,R141,R9",,,,
,"THESE REFERENCE DESIGNATORS ARE NOT USED: P7,FB6",,,,
